T_low,T_high,Radius,Top_N,Dice,Hausdorff
0,90,1,2,0.8900257044269368,32.0
0,85,1,2,0.889758532435935,32.0
0,90,1,3,0.8896460414196917,32.0
0,85,1,3,0.8896058353820477,32.0
0,80,1,2,0.8895155765680248,32.0
0,80,2,2,0.8894765398760784,32.0
0,80,1,3,0.8894593160695612,32.0
0,80,2,3,0.889112094531781,32.0
0,95,1,2,0.8886382139696364,32.0
0,95,1,3,0.8884343562795517,32.0
